product_name,product_category_tree,retail_price,discounted_price,overall_rating,product_rating,brand,is_FK_Advantage_product,description,product_specifications
Alisha Solid Women's Cycling Shorts,"[""Clothing >> Women's Clothing >> Lingerie, Sleep & Swimwear >> Shorts >> Alisha Shorts >> Alisha Solid Women's Cycling Shorts""]",999.0,379.0,No rating available,No rating available,Alisha,False,"Key Features of Alisha Solid Women's Cycling Shorts Cotton Lycra Navy, Red, Navy,Specifications of Alisha Solid Women's Cycling Shorts Shorts Details Number of Contents in Sales Package Pack of 3 Fabric Cotton Lycra Type Cycling Shorts General Details Pattern Solid Ideal For Women's Fabric Care Gentle Machine Wash in Lukewarm Water, Do Not Bleach Additional Details Style Code ALTHT_3P_21 In the Box 3 shorts","{""product_specification""=>[{""key""=>""Number of Contents in Sales Package"", ""value""=>""Pack of 3""}, {""key""=>""Fabric"", ""value""=>""Cotton Lycra""}, {""key""=>""Type"", ""value""=>""Cycling Shorts""}, {""key""=>""Pattern"", ""value""=>""Solid""}, {""key""=>""Ideal For"", ""value""=>""Women's""}, {""value""=>""Gentle Machine Wash in Lukewarm Water, Do Not Bleach""}, {""key""=>""Style Code"", ""value""=>""ALTHT_3P_21""}, {""value""=>""3 shorts""}]}"
FabHomeDecor Fabric Double Sofa Bed,"[""Furniture >> Living Room Furniture >> Sofa Beds & Futons >> FabHomeDecor Fabric Double Sofa Bed (Finish Colo...""]",32157.0,22646.0,No rating available,No rating available,FabHomeDecor,False,"FabHomeDecor Fabric Double Sofa Bed (Finish Color - Leatherette Black Mechanism Type - Pull Out) Price: Rs. 22,646 • Fine deep seating experience • Save Space with the all new click clack Sofa Bed • Easy to fold and vice versa with simple click clack mechanism • Chrome legs with mango wood frame for long term durability • Double cushioned Sofa Bed to provide you with extra softness to make a fine seating experience • A double bed that can easily sleep two,Specifications of FabHomeDecor Fabric Double Sofa Bed (Finish Color - Leatherette Black Mechanism Type - Pull Out) Installation & Demo Installation & Demo Details Installation and demo for this product is done free of cost as part of this purchase. Our service partner will visit your location within 72 business hours from the delivery of the product. In The Box 1 Sofa Bed General Brand FabHomeDecor Mattress Included No Delivery Condition Knock Down Storage Included No Mechanism Type Pull Out Type Sofa Bed Style Contemporary & Modern Filling Material Microfiber Seating Capacity 3 Seater Upholstery Type NA Upholstery Included No Bed Size Double Shape Square Suitable For Living Room Model Number FHD112 Care Instructions Avoid outdoor use and exposure to water or prolonged moisture, Avoid exposure to direct heat or sunlight as this can cause the sofa colour to fade, Keep sharp objects away from your sofa, A little tear on the fabric cover may be hard to repair, Vacuum your sofas periodically with a soft bristled bru...View More Avoid outdoor use and exposure to water or prolonged moisture, Avoid exposure to direct heat or sunlight as this can cause the sofa colour to fade, Keep sharp objects away from your sofa, A little tear on the fabric cover may be hard to repair, Vacuum your sofas periodically with a soft bristled brush attachment or lightly brush them to keep general dirt and dust off the sofa and prevent any embedding between the fibres, Try to avoid food and drink spillage of any kind, If spills occur, do not leave unattended, In case of a stain, a water-free fabric cleaner can be used, However, avoid applying the cleaner directly on the stain as this can cause damage to the fabric and fade colour, Pour the cleaner onto a clean cloth and test its effect on a hidden area of the sofa before cleaning the stain with the cloth, A professional scotchguard treatment is one of the easiest and most effective options to protect against spills or stains and keep pet hair at bay, Getting your sofa professionally cleaned once every 6-8 months will not only take care of the nooks and corners that you can't reach, it will also make it more durable Finish Type Matte Important Note Cancellation NOT allowed for this product after 24 hrs of order booking. Warranty Covered in Warranty Warranty covers all kind of manufacturing defects. Concerned product will either be repaired or replaced based on discretion. Service Type Manufacturer Warranty Warranty Summary 6 Months Domestic Warranty Not Covered in Warranty Warranty does not cover for Improper Handling Dimensions Weight 40 kg Height 838 mm Width 1905 mm Depth 939 mm Disclaimer - The color of the product may vary slightly compared to the picture displayed on your screen. This is due to lighting, pixel quality and color settings - Please check the product's dimensions to ensure the product will fit in the desired location. Also, check if the product will fit through...View More - The color of the product may vary slightly compared to the picture displayed on your screen. This is due to lighting, pixel quality and color settings - Please check the product's dimensions to ensure the product will fit in the desired location. Also, check if the product will fit through the entrance(s) and door(s) of the premises - Please expect an unevenness of up to 5 mm in the product due to differences in surfaces and floor levels - Flipkart, or the Seller delivering the product, will not take up any type of civil work, such as drilling holes in the wall to mount the product. The product will only be assembled in case carpentry assembly is required - In case the product appears to lack shine, wiping the surface with a cloth will help clear the surface of dust particles Material & Color Upholstery Color Leatherette Black Primary Color Black Primary Material Fabric Secondary Material Subtype Mango Wood Secondary Material Foam Finish Color Leatherette Black Primary Material Subtype Foam","{""product_specification""=>[{""key""=>""Installation & Demo Details"", ""value""=>""Installation and demo for this product is done free of cost as part of this purchase. Our service partner will visit your location within 72 business hours from the delivery of the product.""}, {""value""=>""1 Sofa Bed""}, {""key""=>""Brand"", ""value""=>""FabHomeDecor""}, {""key""=>""Mattress Included"", ""value""=>""No""}, {""key""=>""Delivery Condition"", ""value""=>""Knock Down""}, {""key""=>""Storage Included"", ""value""=>""No""}, {""key""=>""Mechanism Type"", ""value""=>""Pull Out""}, {""key""=>""Type"", ""value""=>""Sofa Bed""}, {""key""=>""Style"", ""value""=>""Contemporary and Modern""}, {""key""=>""Filling Material"", ""value""=>""Microfiber""}, {""key""=>""Seating Capacity"", ""value""=>""3 Seater""}, {""key""=>""Upholstery Type"", ""value""=>""NA""}, {""key""=>""Upholstery Included"", ""value""=>""No""}, {""key""=>""Bed Size"", ""value""=>""Double""}, {""key""=>""Shape"", ""value""=>""Square""}, {""key""=>""Suitable For"", ""value""=>""Living Room""}, {""key""=>""Model Number"", ""value""=>""FHD112""}, {""key""=>""Care Instructions"", ""value""=>""Avoid outdoor use and exposure to water or prolonged moisture, Avoid exposure to direct heat or sunlight as this can cause the sofa colour to fade, Keep sharp objects away from your sofa, A little tear on the fabric cover may be hard to repair, Vacuum your sofas periodically with a soft bristled bru...View More Avoid outdoor use and exposure to water or prolonged moisture, Avoid exposure to direct heat or sunlight as this can cause the sofa colour to fade, Keep sharp objects away from your sofa, A little tear on the fabric cover may be hard to repair, Vacuum your sofas periodically with a soft bristled brush attachment or lightly brush them to keep general dirt and dust off the sofa and prevent any embedding between the fibres, Try to avoid food and drink spillage of any kind, If spills occur, do not leave unattended, In case of a stain, a water-free fabric cleaner can be used, However, avoid applying the cleaner directly on the stain as this can cause damage to the fabric and fade colour, Pour the cleaner onto a clean cloth and test its effect on a hidden area of the sofa before cleaning the stain with the cloth, A professional scotchguard treatment is one of the easiest and most effective options to protect against spills or stains and keep pet hair at bay, Getting your sofa professionally cleaned once every 6-8 months will not only take care of the nooks and corners that you can't reach, it will also make it more durable""}, {""key""=>""Finish Type"", ""value""=>""Matte""}, {""value""=>""Cancellation NOT allowed for this product after 24 hrs of order booking.""}, {""value""=>""- The color of the product may vary slightly compared to the picture displayed on your screen. This is due to lighting, pixel quality and color settings - Please check the product's dimensions to ensure the product will fit in the desired location. Also, check if the product will fit through...View More - The color of the product may vary slightly compared to the picture displayed on your screen. This is due to lighting, pixel quality and color settings - Please check the product's dimensions to ensure the product will fit in the desired location. Also, check if the product will fit through the entrance(s) and door(s) of the premises - Please expect an unevenness of up to 5 mm in the product due to differences in surfaces and floor levels - Flipkart, or the Seller delivering the product, will not take up any type of civil work, such as drilling holes in the wall to mount the product. The product will only be assembled in case carpentry assembly is required - In case the product appears to lack shine, wiping the surface with a cloth will help clear the surface of dust particles""}, {""key""=>""Covered in Warranty"", ""value""=>""Warranty covers all kind of manufacturing defects. Concerned product will either be repaired or replaced based on discretion.""}, {""key""=>""Service Type"", ""value""=>""Manufacturer Warranty""}, {""key""=>""Warranty Summary"", ""value""=>""6 Months Domestic Warranty""}, {""key""=>""Not Covered in Warranty"", ""value""=>""Warranty does not cover for Improper Handling""}, {""key""=>""Weight"", ""value""=>""40 kg""}, {""key""=>""Height"", ""value""=>""838 mm""}, {""key""=>""Width"", ""value""=>""1905 mm""}, {""key""=>""Depth"", ""value""=>""939 mm""}, {""key""=>""Upholstery Color"", ""value""=>""Leatherette Black""}, {""key""=>""Primary Color"", ""value""=>""Black""}, {""key""=>""Primary Material"", ""value""=>""Fabric""}, {""key""=>""Secondary Material Subtype"", ""value""=>""Mango Wood""}, {""key""=>""Secondary Material"", ""value""=>""Foam""}, {""key""=>""Finish Color"", ""value""=>""Leatherette Black""}, {""key""=>""Primary Material Subtype"", ""value""=>""Foam""}]}"
AW Bellies,"[""Footwear >> Women's Footwear >> Ballerinas >> AW Bellies""]",999.0,499.0,No rating available,No rating available,AW,False,"Key Features of AW Bellies Sandals Wedges Heel Casuals,AW Bellies Price: Rs. 499 Material: Synthetic Lifestyle: Casual Heel Type: Wedge Warranty Type: Manufacturer Product Warranty against manufacturing defects: 30 days Care instructions: Allow your pair of shoes to air and de-odorize at regular basis; use shoe bags to prevent any stains or mildew; dust any dry dirt from the surface using a clean cloth; do not use polish or shiner,Specifications of AW Bellies General Ideal For Women Occasion Casual Shoe Details Color Red Outer Material Patent Leather Heel Height 1 inch Number of Contents in Sales Package Pack of 1 In the Box One Pair Of Shoes","{""product_specification""=>[{""key""=>""Ideal For"", ""value""=>""Women""}, {""key""=>""Occasion"", ""value""=>""Casual""}, {""key""=>""Color"", ""value""=>""Red""}, {""key""=>""Outer Material"", ""value""=>""Patent Leather""}, {""key""=>""Heel Height"", ""value""=>""1 inch""}, {""key""=>""Number of Contents in Sales Package"", ""value""=>""Pack of 1""}, {""value""=>""One Pair Of Shoes""}]}"
Alisha Solid Women's Cycling Shorts,"[""Clothing >> Women's Clothing >> Lingerie, Sleep & Swimwear >> Shorts >> Alisha Shorts >> Alisha Solid Women's Cycling Shorts""]",699.0,267.0,No rating available,No rating available,Alisha,False,"Key Features of Alisha Solid Women's Cycling Shorts Cotton Lycra Black, Red,Specifications of Alisha Solid Women's Cycling Shorts Shorts Details Number of Contents in Sales Package Pack of 2 Fabric Cotton Lycra Type Cycling Shorts General Details Pattern Solid Ideal For Women's Fabric Care Gentle Machine Wash in Lukewarm Water, Do Not Bleach Additional Details Style Code ALTGHT_11 In the Box 2 shorts","{""product_specification""=>[{""key""=>""Number of Contents in Sales Package"", ""value""=>""Pack of 2""}, {""key""=>""Fabric"", ""value""=>""Cotton Lycra""}, {""key""=>""Type"", ""value""=>""Cycling Shorts""}, {""key""=>""Pattern"", ""value""=>""Solid""}, {""key""=>""Ideal For"", ""value""=>""Women's""}, {""value""=>""Gentle Machine Wash in Lukewarm Water, Do Not Bleach""}, {""key""=>""Style Code"", ""value""=>""ALTGHT_11""}, {""value""=>""2 shorts""}]}"
Sicons All Purpose Arnica Dog Shampoo,"[""Pet Supplies >> Grooming >> Skin & Coat Care >> Shampoo >> Sicons All Purpose Arnica Dog Shampoo (500 ml)""]",220.0,210.0,No rating available,No rating available,Sicons,False,Specifications of Sicons All Purpose Arnica Dog Shampoo (500 ml) General Pet Type Dog Brand Sicons Quantity 500 ml Model Number SH.DF-14 Type All Purpose Fragrance Arnica Form Factor Liquid In the Box Sales Package Shampoo Sicons Dog Fashion Arnica,"{""product_specification""=>[{""key""=>""Pet Type"", ""value""=>""Dog""}, {""key""=>""Brand"", ""value""=>""Sicons""}, {""key""=>""Quantity"", ""value""=>""500 ml""}, {""key""=>""Model Number"", ""value""=>""SH.DF-14""}, {""key""=>""Type"", ""value""=>""All Purpose""}, {""key""=>""Fragrance"", ""value""=>""Arnica""}, {""key""=>""Form Factor"", ""value""=>""Liquid""}, {""key""=>""Sales Package"", ""value""=>""Shampoo Sicons Dog Fashion Arnica""}]}"
Eternal Gandhi Super Series Crystal Paper Weights  with Silver Finish,"[""Eternal Gandhi Super Series Crystal Paper Weight...""]",430.0,430.0,No rating available,No rating available,Eternal Gandhi,False,"Key Features of Eternal Gandhi Super Series Crystal Paper Weights  with Silver Finish Crystal  paper weight Product Dimensions :   8cm x  8cm x 5cm A beautiful product Material: Crystal,Eternal Gandhi Super Series Crystal Paper Weights  with Silver Finish (Set Of 1, Clear) Price: Rs. 430 Your office desk will sparkle and shine when you accent tables with this elegant crystal paper weight. The multifaceted crystal features Gandhiji’s bust and his timeless message – “My life is my message – M.K. Gandhi”. A beautiful product to gift to your near and dear ones in family and Business.,Specifications of Eternal Gandhi Super Series Crystal Paper Weights  with Silver Finish (Set Of 1, Clear) General Model Name Gandhi Paper Weight Mark V Dimensions Weight 323 g In the Box Paper Weight Paper Weight Features Paper Weight Material Crystal Paper Weight Finish Silver Finish","{""product_specification""=>[{""key""=>""Model Name"", ""value""=>""Gandhi Paper Weight Mark V""}, {""key""=>""Weight"", ""value""=>""323 g""}, {""value""=>""Paper Weight""}, {""key""=>""Paper Weight Material"", ""value""=>""Crystal""}, {""key""=>""Paper Weight Finish"", ""value""=>""Silver Finish""}]}"
Alisha Solid Women's Cycling Shorts,"[""Clothing >> Women's Clothing >> Lingerie, Sleep & Swimwear >> Shorts >> Alisha Shorts >> Alisha Solid Women's Cycling Shorts""]",1199.0,479.0,No rating available,No rating available,Alisha,False,"Key Features of Alisha Solid Women's Cycling Shorts Cotton Lycra Navy, Red, White, Red,Specifications of Alisha Solid Women's Cycling Shorts Shorts Details Number of Contents in Sales Package Pack of 4 Fabric Cotton Lycra Type Cycling Shorts General Details Pattern Solid Ideal For Women's In the Box 4 shorts Additional Details Style Code ALTGHT4P_26 Fabric Care Gentle Machine Wash in Lukewarm Water, Do Not Bleach","{""product_specification""=>[{""key""=>""Number of Contents in Sales Package"", ""value""=>""Pack of 4""}, {""key""=>""Fabric"", ""value""=>""Cotton Lycra""}, {""key""=>""Type"", ""value""=>""Cycling Shorts""}, {""key""=>""Pattern"", ""value""=>""Solid""}, {""key""=>""Ideal For"", ""value""=>""Women's""}, {""value""=>""4 shorts""}, {""key""=>""Style Code"", ""value""=>""ALTGHT4P_26""}, {""value""=>""Gentle Machine Wash in Lukewarm Water, Do Not Bleach""}]}"
FabHomeDecor Fabric Double Sofa Bed,"[""Furniture >> Living Room Furniture >> Sofa Beds & Futons >> FabHomeDecor Fabric Double Sofa Bed (Finish Colo...""]",32157.0,22646.0,No rating available,No rating available,FabHomeDecor,False,"FabHomeDecor Fabric Double Sofa Bed (Finish Color - Brown Mechanism Type - Pull Out) Price: Rs. 22,646 • Fine deep seating experience • Save Space with the all new click clack Sofa Bed • Easy to fold and vice versa with simple click clack mechanism • Chrome legs with mango wood frame for long term durability • Double cushioned Sofa Bed to provide you with extra softness to make a fine seating experience • A double bed that can easily sleep two,Specifications of FabHomeDecor Fabric Double Sofa Bed (Finish Color - Brown Mechanism Type - Pull Out) Installation & Demo Installation & Demo Details Installation and demo for this product is done free of cost as part of this purchase. Our service partner will visit your location within 72 business hours from the delivery of the product. In The Box 1 Sofa Bed General Brand FabHomeDecor Mattress Included No Delivery Condition Knock Down Storage Included No Mechanism Type Pull Out Type Sofa Bed Style Contemporary & Modern Filling Material Microfiber Seating Capacity 3 Seater Upholstery Type NA Upholstery Included No Bed Size Double Shape Square Suitable For Living Room Model Number FHD107 Care Instructions Avoid outdoor use and exposure to water or prolonged moisture, Avoid exposure to direct heat or sunlight as this can cause the sofa colour to fade, Keep sharp objects away from your sofa, A little tear on the fabric cover may be hard to repair, Vacuum your sofas periodically with a soft bristled bru...View More Avoid outdoor use and exposure to water or prolonged moisture, Avoid exposure to direct heat or sunlight as this can cause the sofa colour to fade, Keep sharp objects away from your sofa, A little tear on the fabric cover may be hard to repair, Vacuum your sofas periodically with a soft bristled brush attachment or lightly brush them to keep general dirt and dust off the sofa and prevent any embedding between the fibres, Try to avoid food and drink spillage of any kind, If spills occur, do not leave unattended, In case of a stain, a water-free fabric cleaner can be used, However, avoid applying the cleaner directly on the stain as this can cause damage to the fabric and fade colour, Pour the cleaner onto a clean cloth and test its effect on a hidden area of the sofa before cleaning the stain with the cloth, A professional scotchguard treatment is one of the easiest and most effective options to protect against spills or stains and keep pet hair at bay, Getting your sofa professionally cleaned once every 6-8 months will not only take care of the nooks and corners that you can't reach, it will also make it more durable Finish Type Matte Important Note Cancellation NOT allowed for this product after 24 hrs of order booking. Warranty Covered in Warranty Warranty covers all kind of manufacturing defects. Concerned product will either be repaired or replaced based on discretion. Service Type Manufacturer Warranty Warranty Summary 6 Months Domestic Warranty Not Covered in Warranty Warranty does not cover for Improper Handling Dimensions Weight 40 kg Height 838 mm Width 1905 mm Depth 939 mm Disclaimer - The color of the product may vary slightly compared to the picture displayed on your screen. This is due to lighting, pixel quality and color settings - Please check the product's dimensions to ensure the product will fit in the desired location. Also, check if the product will fit through...View More - The color of the product may vary slightly compared to the picture displayed on your screen. This is due to lighting, pixel quality and color settings - Please check the product's dimensions to ensure the product will fit in the desired location. Also, check if the product will fit through the entrance(s) and door(s) of the premises - Please expect an unevenness of up to 5 mm in the product due to differences in surfaces and floor levels - Flipkart, or the Seller delivering the product, will not take up any type of civil work, such as drilling holes in the wall to mount the product. The product will only be assembled in case carpentry assembly is required - In case the product appears to lack shine, wiping the surface with a cloth will help clear the surface of dust particles Material & Color Upholstery Color Brown Primary Color Brown Primary Material Fabric Secondary Material Subtype Mango Wood Secondary Material Foam Finish Color Brown Primary Material Subtype Foam","{""product_specification""=>[{""key""=>""Installation & Demo Details"", ""value""=>""Installation and demo for this product is done free of cost as part of this purchase. Our service partner will visit your location within 72 business hours from the delivery of the product.""}, {""value""=>""1 Sofa Bed""}, {""key""=>""Brand"", ""value""=>""FabHomeDecor""}, {""key""=>""Mattress Included"", ""value""=>""No""}, {""key""=>""Delivery Condition"", ""value""=>""Knock Down""}, {""key""=>""Storage Included"", ""value""=>""No""}, {""key""=>""Mechanism Type"", ""value""=>""Pull Out""}, {""key""=>""Type"", ""value""=>""Sofa Bed""}, {""key""=>""Style"", ""value""=>""Contemporary and Modern""}, {""key""=>""Filling Material"", ""value""=>""Microfiber""}, {""key""=>""Seating Capacity"", ""value""=>""3 Seater""}, {""key""=>""Upholstery Type"", ""value""=>""NA""}, {""key""=>""Upholstery Included"", ""value""=>""No""}, {""key""=>""Bed Size"", ""value""=>""Double""}, {""key""=>""Shape"", ""value""=>""Square""}, {""key""=>""Suitable For"", ""value""=>""Living Room""}, {""key""=>""Model Number"", ""value""=>""FHD107""}, {""key""=>""Care Instructions"", ""value""=>""Avoid outdoor use and exposure to water or prolonged moisture, Avoid exposure to direct heat or sunlight as this can cause the sofa colour to fade, Keep sharp objects away from your sofa, A little tear on the fabric cover may be hard to repair, Vacuum your sofas periodically with a soft bristled bru...View More Avoid outdoor use and exposure to water or prolonged moisture, Avoid exposure to direct heat or sunlight as this can cause the sofa colour to fade, Keep sharp objects away from your sofa, A little tear on the fabric cover may be hard to repair, Vacuum your sofas periodically with a soft bristled brush attachment or lightly brush them to keep general dirt and dust off the sofa and prevent any embedding between the fibres, Try to avoid food and drink spillage of any kind, If spills occur, do not leave unattended, In case of a stain, a water-free fabric cleaner can be used, However, avoid applying the cleaner directly on the stain as this can cause damage to the fabric and fade colour, Pour the cleaner onto a clean cloth and test its effect on a hidden area of the sofa before cleaning the stain with the cloth, A professional scotchguard treatment is one of the easiest and most effective options to protect against spills or stains and keep pet hair at bay, Getting your sofa professionally cleaned once every 6-8 months will not only take care of the nooks and corners that you can't reach, it will also make it more durable""}, {""key""=>""Finish Type"", ""value""=>""Matte""}, {""value""=>""Cancellation NOT allowed for this product after 24 hrs of order booking.""}, {""value""=>""- The color of the product may vary slightly compared to the picture displayed on your screen. This is due to lighting, pixel quality and color settings - Please check the product's dimensions to ensure the product will fit in the desired location. Also, check if the product will fit through...View More - The color of the product may vary slightly compared to the picture displayed on your screen. This is due to lighting, pixel quality and color settings - Please check the product's dimensions to ensure the product will fit in the desired location. Also, check if the product will fit through the entrance(s) and door(s) of the premises - Please expect an unevenness of up to 5 mm in the product due to differences in surfaces and floor levels - Flipkart, or the Seller delivering the product, will not take up any type of civil work, such as drilling holes in the wall to mount the product. The product will only be assembled in case carpentry assembly is required - In case the product appears to lack shine, wiping the surface with a cloth will help clear the surface of dust particles""}, {""key""=>""Covered in Warranty"", ""value""=>""Warranty covers all kind of manufacturing defects. Concerned product will either be repaired or replaced based on discretion.""}, {""key""=>""Service Type"", ""value""=>""Manufacturer Warranty""}, {""key""=>""Warranty Summary"", ""value""=>""6 Months Domestic Warranty""}, {""key""=>""Not Covered in Warranty"", ""value""=>""Warranty does not cover for Improper Handling""}, {""key""=>""Weight"", ""value""=>""40 kg""}, {""key""=>""Height"", ""value""=>""838 mm""}, {""key""=>""Width"", ""value""=>""1905 mm""}, {""key""=>""Depth"", ""value""=>""939 mm""}, {""key""=>""Upholstery Color"", ""value""=>""Brown""}, {""key""=>""Primary Color"", ""value""=>""Brown""}, {""key""=>""Primary Material"", ""value""=>""Fabric""}, {""key""=>""Secondary Material Subtype"", ""value""=>""Mango Wood""}, {""key""=>""Secondary Material"", ""value""=>""Foam""}, {""key""=>""Finish Color"", ""value""=>""Brown""}, {""key""=>""Primary Material Subtype"", ""value""=>""Foam""}]}"
"dilli bazaaar Bellies, Corporate Casuals, Casuals","[""Footwear >> Women's Footwear >> Ballerinas >> dilli bazaaar Bellies, Corporate Casuals, Casuals""]",699.0,349.0,No rating available,No rating available,dilli bazaaar,False,"Key Features of dilli bazaaar Bellies, Corporate Casuals, Casuals Material: Fabric Occasion: Ethnic, Casual, Party, Formal Color: Pink Heel Height: 0,Specifications of dilli bazaaar Bellies, Corporate Casuals, Casuals General Occasion Ethnic, Casual, Party, Formal Ideal For Women Shoe Details Weight 200 g (per single Shoe) - Weight of the product may vary depending on size. Heel Height 0 inch Outer Material Fabric Color Pink","{""product_specification""=>[{""key""=>""Occasion"", ""value""=>""Ethnic, Casual, Party, Formal""}, {""key""=>""Ideal For"", ""value""=>""Women""}, {""key""=>""Weight"", ""value""=>""200 g (per single Shoe) - Weight of the product may vary depending on size.""}, {""key""=>""Heel Height"", ""value""=>""0 inch""}, {""key""=>""Outer Material"", ""value""=>""Fabric""}, {""key""=>""Color"", ""value""=>""Pink""}]}"
Alisha Solid Women's Cycling Shorts,"[""Clothing >> Women's Clothing >> Lingerie, Sleep & Swimwear >> Shorts >> Alisha Shorts >> Alisha Solid Women's Cycling Shorts""]",1199.0,479.0,No rating available,No rating available,Alisha,False,"Key Features of Alisha Solid Women's Cycling Shorts Cotton Lycra White, Black, Red, Black,Specifications of Alisha Solid Women's Cycling Shorts Shorts Details Number of Contents in Sales Package Pack of 4 Fabric Cotton Lycra Type Cycling Shorts General Details Pattern Solid Ideal For Women's Fabric Care Gentle Machine Wash in Lukewarm Water, Do Not Bleach Additional Details Style Code ALTGHT4P_39 In the Box 4 shorts","{""product_specification""=>[{""key""=>""Number of Contents in Sales Package"", ""value""=>""Pack of 4""}, {""key""=>""Fabric"", ""value""=>""Cotton Lycra""}, {""key""=>""Type"", ""value""=>""Cycling Shorts""}, {""key""=>""Pattern"", ""value""=>""Solid""}, {""key""=>""Ideal For"", ""value""=>""Women's""}, {""value""=>""Gentle Machine Wash in Lukewarm Water, Do Not Bleach""}, {""key""=>""Style Code"", ""value""=>""ALTGHT4P_39""}, {""value""=>""4 shorts""}]}"
Ladela Bellies,"[""Footwear >> Women's Footwear >> Ballerinas >> Ladela Bellies""]",1724.0,950.0,5,5,Ladela,False,"Key Features of Ladela Bellies Brand: LADELA Color : Black,Ladela Bellies Price: Rs. 950 Experience the best bellies from the house of Ladela. Providing the best material to keep your feet cozy and active for the whole day.,Specifications of Ladela Bellies General Occasion Casual Ideal For Women Shoe Details Heel Height 0 inch Outer Material PU Color Black","{""product_specification""=>[{""key""=>""Occasion"", ""value""=>""Casual""}, {""key""=>""Ideal For"", ""value""=>""Women""}, {""key""=>""Heel Height"", ""value""=>""0 inch""}, {""key""=>""Outer Material"", ""value""=>""PU""}, {""key""=>""Color"", ""value""=>""Black""}]}"
Carrel Printed Women's,"[""Clothing >> Women's Clothing >> Sports & Gym Wear >> Swimsuits >> Carrel Swimsuits >> Carrel Printed Women's""]",2299.0,910.0,No rating available,No rating available,Carrel,False,"Key Features of Carrel Printed Women's Fabric: SwimLycra Brand Color: Black, White,Carrel Printed Women's Price: Rs. 910 Max-coverage swimwear collection from CARREL BRAND, Brighten up your swim routine with this best fitting. This swimming costume from the house of Carrel is made of imported swim lycra fabric and comes in Black & White Colour. It has to be washed separately and dry in shade. Attractive & classy caressing the water. This swimwear provides excellent protection and Chlorine resistance. fast drying combined with flatlock stitching gives an unmatched comfort and helps you to that performance you have been striving for. This swimwear with its comfort and style is your perfect companion at any pool, beach or water activity. Time for you to do your own thing and Go With The Flow. This Swimwear Lightly padded, for modesty and support. This Product Support To This Size : L, XL, XXL, 3XL,4XL.,Specifications of Carrel Printed Women's Top Details Neck Round Neck Swimsuit Details Fabric SwimLycra Type Swim-dress General Details Pattern Printed Ideal For Women's Occasion Sports Fabric Care Wash with Similar Colors, Use Detergent for Colors In the Box 1 Swimware","{""product_specification""=>[{""key""=>""Neck"", ""value""=>""Round Neck""}, {""key""=>""Fabric"", ""value""=>""SwimLycra""}, {""key""=>""Type"", ""value""=>""Swim-dress""}, {""key""=>""Pattern"", ""value""=>""Printed""}, {""key""=>""Ideal For"", ""value""=>""Women's""}, {""key""=>""Occasion"", ""value""=>""Sports""}, {""value""=>""Wash with Similar Colors, Use Detergent for Colors""}, {""value""=>""1 Swimware""}]}"
Sicons All Purpose Tea Tree Dog Shampoo,"[""Pet Supplies >> Grooming >> Skin & Coat Care >> Shampoo >> Sicons All Purpose Tea Tree Dog Shampoo (200 ml)""]",,,No rating available,No rating available,Sicons,False,Specifications of Sicons All Purpose Tea Tree Dog Shampoo (200 ml) General Pet Type Dog Brand Sicons Quantity 200 ml Model Number SH.DF-07 Type All Purpose Fragrance Tea Tree Form Factor Spray In the Box Sales Package Shampoo Sicons Dog Fashion Dry Bath Urban Pet,"{""product_specification""=>[{""key""=>""Pet Type"", ""value""=>""Dog""}, {""key""=>""Brand"", ""value""=>""Sicons""}, {""key""=>""Quantity"", ""value""=>""200 ml""}, {""key""=>""Model Number"", ""value""=>""SH.DF-07""}, {""key""=>""Type"", ""value""=>""All Purpose""}, {""key""=>""Fragrance"", ""value""=>""Tea Tree""}, {""key""=>""Form Factor"", ""value""=>""Spray""}, {""key""=>""Sales Package"", ""value""=>""Shampoo Sicons Dog Fashion Dry Bath Urban Pet""}]}"
Alisha Solid Women's Cycling Shorts,"[""Clothing >> Women's Clothing >> Lingerie, Sleep & Swimwear >> Shorts >> Alisha Shorts >> Alisha Solid Women's Cycling Shorts""]",999.0,379.0,No rating available,No rating available,Alisha,False,"Key Features of Alisha Solid Women's Cycling Shorts Cotton Lycra Black, White, Black,Specifications of Alisha Solid Women's Cycling Shorts Shorts Details Number of Contents in Sales Package Pack of 3 Fabric Cotton Lycra Type Cycling Shorts General Details Pattern Solid Ideal For Women's Fabric Care Gentle Machine Wash in Lukewarm Water, Do Not Bleach Additional Details Style Code ALTHT_3P_17 In the Box 3 shorts","{""product_specification""=>[{""key""=>""Number of Contents in Sales Package"", ""value""=>""Pack of 3""}, {""key""=>""Fabric"", ""value""=>""Cotton Lycra""}, {""key""=>""Type"", ""value""=>""Cycling Shorts""}, {""key""=>""Pattern"", ""value""=>""Solid""}, {""key""=>""Ideal For"", ""value""=>""Women's""}, {""value""=>""Gentle Machine Wash in Lukewarm Water, Do Not Bleach""}, {""key""=>""Style Code"", ""value""=>""ALTHT_3P_17""}, {""value""=>""3 shorts""}]}"
Freelance Vacuum Bottles 350 ml Bottle,"[""Pens & Stationery >> School Supplies >> Water Bottles >> Freelance Water Bottles >> Freelance Vacuum Bottles 350 ml Bottle (Pack of ...""]",699.0,699.0,No rating available,No rating available,Freelance,False,"Specifications of Freelance Vacuum Bottles 350 ml Bottle (Pack of 1, Green) General Body Material Stainless steel Type Bottle In the Box Number of Contents in Sales Package Pack of 1 Sales Package 1 pcs in one packet","{""product_specification""=>[{""key""=>""Body Material"", ""value""=>""Stainless steel""}, {""key""=>""Type"", ""value""=>""Bottle""}, {""key""=>""Number of Contents in Sales Package"", ""value""=>""Pack of 1""}, {""key""=>""Sales Package"", ""value""=>""1 pcs in one packet""}]}"
Alisha Solid Women's Cycling Shorts,"[""Clothing >> Women's Clothing >> Lingerie, Sleep & Swimwear >> Shorts >> Alisha Shorts >> Alisha Solid Women's Cycling Shorts""]",999.0,379.0,No rating available,No rating available,Alisha,False,"Key Features of Alisha Solid Women's Cycling Shorts Cotton Lycra Black, White, White,Specifications of Alisha Solid Women's Cycling Shorts Shorts Details Number of Contents in Sales Package Pack of 3 Fabric Cotton Lycra Type Cycling Shorts General Details Pattern Solid Ideal For Women's Fabric Care Gentle Machine Wash in Lukewarm Water, Do Not Bleach Additional Details Style Code ALTHT_3P_2 In the Box 3 shorts","{""product_specification""=>[{""key""=>""Number of Contents in Sales Package"", ""value""=>""Pack of 3""}, {""key""=>""Fabric"", ""value""=>""Cotton Lycra""}, {""key""=>""Type"", ""value""=>""Cycling Shorts""}, {""key""=>""Pattern"", ""value""=>""Solid""}, {""key""=>""Ideal For"", ""value""=>""Women's""}, {""value""=>""Gentle Machine Wash in Lukewarm Water, Do Not Bleach""}, {""key""=>""Style Code"", ""value""=>""ALTHT_3P_2""}, {""value""=>""3 shorts""}]}"
FabHomeDecor Fabric Double Sofa Bed,"[""Furniture >> Living Room Furniture >> Sofa Beds & Futons >> FabHomeDecor Fabric Double Sofa Bed (Finish Colo...""]",32157.0,22646.0,No rating available,No rating available,FabHomeDecor,False,"FabHomeDecor Fabric Double Sofa Bed (Finish Color - Purple Mechanism Type - Pull Out) Price: Rs. 22,646 • Fine deep seating experience • Save Space with the all new click clack Sofa Bed • Easy to fold and vice versa with simple click clack mechanism • Chrome legs with mango wood frame for long term durability • Double cushioned Sofa Bed to provide you with extra softness to make a fine seating experience • A double bed that can easily sleep two,Specifications of FabHomeDecor Fabric Double Sofa Bed (Finish Color - Purple Mechanism Type - Pull Out) Installation & Demo Installation & Demo Details Installation and demo for this product is done free of cost as part of this purchase. Our service partner will visit your location within 72 business hours from the delivery of the product. In The Box 1 Sofa Bed General Brand FabHomeDecor Mattress Included No Delivery Condition Knock Down Storage Included No Mechanism Type Pull Out Type Sofa Bed Style Contemporary & Modern Filling Material Microfiber Seating Capacity 3 Seater Upholstery Type NA Upholstery Included No Bed Size Double Shape Square Suitable For Living Room Model Number FHD132 Care Instructions Avoid outdoor use and exposure to water or prolonged moisture, Avoid exposure to direct heat or sunlight as this can cause the sofa colour to fade, Keep sharp objects away from your sofa, A little tear on the fabric cover may be hard to repair, Vacuum your sofas periodically with a soft bristled bru...View More Avoid outdoor use and exposure to water or prolonged moisture, Avoid exposure to direct heat or sunlight as this can cause the sofa colour to fade, Keep sharp objects away from your sofa, A little tear on the fabric cover may be hard to repair, Vacuum your sofas periodically with a soft bristled brush attachment or lightly brush them to keep general dirt and dust off the sofa and prevent any embedding between the fibres, Try to avoid food and drink spillage of any kind, If spills occur, do not leave unattended, In case of a stain, a water-free fabric cleaner can be used, However, avoid applying the cleaner directly on the stain as this can cause damage to the fabric and fade colour, Pour the cleaner onto a clean cloth and test its effect on a hidden area of the sofa before cleaning the stain with the cloth, A professional scotchguard treatment is one of the easiest and most effective options to protect against spills or stains and keep pet hair at bay, Getting your sofa professionally cleaned once every 6-8 months will not only take care of the nooks and corners that you can't reach, it will also make it more durable Finish Type Matte Important Note Cancellation NOT allowed for this product after 24 hrs of order booking. Warranty Covered in Warranty Warranty covers all kind of manufacturing defects. Concerned product will either be repaired or replaced based on discretion. Service Type Manufacturer Warranty Warranty Summary 6 Months Domestic Warranty Not Covered in Warranty Warranty does not cover for Improper Handling Dimensions Weight 40 kg Height 838 mm Width 1905 mm Depth 939 mm Disclaimer - The color of the product may vary slightly compared to the picture displayed on your screen. This is due to lighting, pixel quality and color settings - Please check the product's dimensions to ensure the product will fit in the desired location. Also, check if the product will fit through...View More - The color of the product may vary slightly compared to the picture displayed on your screen. This is due to lighting, pixel quality and color settings - Please check the product's dimensions to ensure the product will fit in the desired location. Also, check if the product will fit through the entrance(s) and door(s) of the premises - Please expect an unevenness of up to 5 mm in the product due to differences in surfaces and floor levels - Flipkart, or the Seller delivering the product, will not take up any type of civil work, such as drilling holes in the wall to mount the product. The product will only be assembled in case carpentry assembly is required - In case the product appears to lack shine, wiping the surface with a cloth will help clear the surface of dust particles Material & Color Upholstery Color Purple Primary Color Purple Primary Material Fabric Secondary Material Subtype Mango Wood Secondary Material Foam Finish Color Purple Primary Material Subtype Foam","{""product_specification""=>[{""key""=>""Installation & Demo Details"", ""value""=>""Installation and demo for this product is done free of cost as part of this purchase. Our service partner will visit your location within 72 business hours from the delivery of the product.""}, {""value""=>""1 Sofa Bed""}, {""key""=>""Brand"", ""value""=>""FabHomeDecor""}, {""key""=>""Mattress Included"", ""value""=>""No""}, {""key""=>""Delivery Condition"", ""value""=>""Knock Down""}, {""key""=>""Storage Included"", ""value""=>""No""}, {""key""=>""Mechanism Type"", ""value""=>""Pull Out""}, {""key""=>""Type"", ""value""=>""Sofa Bed""}, {""key""=>""Style"", ""value""=>""Contemporary and Modern""}, {""key""=>""Filling Material"", ""value""=>""Microfiber""}, {""key""=>""Seating Capacity"", ""value""=>""3 Seater""}, {""key""=>""Upholstery Type"", ""value""=>""NA""}, {""key""=>""Upholstery Included"", ""value""=>""No""}, {""key""=>""Bed Size"", ""value""=>""Double""}, {""key""=>""Shape"", ""value""=>""Square""}, {""key""=>""Suitable For"", ""value""=>""Living Room""}, {""key""=>""Model Number"", ""value""=>""FHD132""}, {""key""=>""Care Instructions"", ""value""=>""Avoid outdoor use and exposure to water or prolonged moisture, Avoid exposure to direct heat or sunlight as this can cause the sofa colour to fade, Keep sharp objects away from your sofa, A little tear on the fabric cover may be hard to repair, Vacuum your sofas periodically with a soft bristled bru...View More Avoid outdoor use and exposure to water or prolonged moisture, Avoid exposure to direct heat or sunlight as this can cause the sofa colour to fade, Keep sharp objects away from your sofa, A little tear on the fabric cover may be hard to repair, Vacuum your sofas periodically with a soft bristled brush attachment or lightly brush them to keep general dirt and dust off the sofa and prevent any embedding between the fibres, Try to avoid food and drink spillage of any kind, If spills occur, do not leave unattended, In case of a stain, a water-free fabric cleaner can be used, However, avoid applying the cleaner directly on the stain as this can cause damage to the fabric and fade colour, Pour the cleaner onto a clean cloth and test its effect on a hidden area of the sofa before cleaning the stain with the cloth, A professional scotchguard treatment is one of the easiest and most effective options to protect against spills or stains and keep pet hair at bay, Getting your sofa professionally cleaned once every 6-8 months will not only take care of the nooks and corners that you can't reach, it will also make it more durable""}, {""key""=>""Finish Type"", ""value""=>""Matte""}, {""value""=>""Cancellation NOT allowed for this product after 24 hrs of order booking.""}, {""value""=>""- The color of the product may vary slightly compared to the picture displayed on your screen. This is due to lighting, pixel quality and color settings - Please check the product's dimensions to ensure the product will fit in the desired location. Also, check if the product will fit through...View More - The color of the product may vary slightly compared to the picture displayed on your screen. This is due to lighting, pixel quality and color settings - Please check the product's dimensions to ensure the product will fit in the desired location. Also, check if the product will fit through the entrance(s) and door(s) of the premises - Please expect an unevenness of up to 5 mm in the product due to differences in surfaces and floor levels - Flipkart, or the Seller delivering the product, will not take up any type of civil work, such as drilling holes in the wall to mount the product. The product will only be assembled in case carpentry assembly is required - In case the product appears to lack shine, wiping the surface with a cloth will help clear the surface of dust particles""}, {""key""=>""Covered in Warranty"", ""value""=>""Warranty covers all kind of manufacturing defects. Concerned product will either be repaired or replaced based on discretion.""}, {""key""=>""Service Type"", ""value""=>""Manufacturer Warranty""}, {""key""=>""Warranty Summary"", ""value""=>""6 Months Domestic Warranty""}, {""key""=>""Not Covered in Warranty"", ""value""=>""Warranty does not cover for Improper Handling""}, {""key""=>""Weight"", ""value""=>""40 kg""}, {""key""=>""Height"", ""value""=>""838 mm""}, {""key""=>""Width"", ""value""=>""1905 mm""}, {""key""=>""Depth"", ""value""=>""939 mm""}, {""key""=>""Upholstery Color"", ""value""=>""Purple""}, {""key""=>""Primary Color"", ""value""=>""Purple""}, {""key""=>""Primary Material"", ""value""=>""Fabric""}, {""key""=>""Secondary Material Subtype"", ""value""=>""Mango Wood""}, {""key""=>""Secondary Material"", ""value""=>""Foam""}, {""key""=>""Finish Color"", ""value""=>""Purple""}, {""key""=>""Primary Material Subtype"", ""value""=>""Foam""}]}"
Style Foot Bellies,"[""Footwear >> Women's Footwear >> Ballerinas >> Style Foot Bellies""]",899.0,449.0,No rating available,No rating available,Style Foot,False,"Key Features of Style Foot Bellies ballerina shoes ballerina flats,Style Foot Bellies Price: Rs. 449 ballet shoes that fits perfectly for casual and party wear,Specifications of Style Foot Bellies General Occasion Casual Ideal For Women Shoe Details Heel Height 1 inch Outer Material PU Color Black In the Box 1 slipper","{""product_specification""=>[{""key""=>""Occasion"", ""value""=>""Casual""}, {""key""=>""Ideal For"", ""value""=>""Women""}, {""key""=>""Heel Height"", ""value""=>""1 inch""}, {""key""=>""Outer Material"", ""value""=>""PU""}, {""key""=>""Color"", ""value""=>""Black""}, {""value""=>""1 slipper""}]}"
Carrel Printed Women's,"[""Clothing >> Women's Clothing >> Sports & Gym Wear >> Swimsuits >> Carrel Swimsuits >> Carrel Printed Women's""]",2499.0,999.0,No rating available,No rating available,Carrel,False,"Key Features of Carrel Printed Women's Fabric: SwimLycra Brand Color: DARK BLUE, WHITE,Carrel Printed Women's Price: Rs. 999 Max-coverage swimwear collection from CARREL BRAND, Brighten up your swim routine with this best fitting. This swimming costume from the house of Carrel is made of imported swim lycra fabric and comes in Darkblue & White Colour. It has to be washed separately and dry in shade. Attractive & classy caressing the water. This swimwear provides excellent protection and Chlorine resistance. fast drying combined with flatlock stitching gives an unmatched comfort and helps you to that performance you have been striving for. This swimwear with its comfort and style is your perfect companion at any pool, beach or water activity. Time for you to do your own thing and Go With The Flow. This Swimwear Lightly padded, for modesty and support. This Product Support To This Size : L, XL, XXL, 3XL,4XL.,Specifications of Carrel Printed Women's Top Details Neck Round Neck Swimsuit Details Fabric SwimLycra Type Swim-dress General Details Pattern Printed Ideal For Women's Occasion Sports Fabric Care Wash with Similar Colors, Use Detergent for Colors In the Box 1 Swimware","{""product_specification""=>[{""key""=>""Neck"", ""value""=>""Round Neck""}, {""key""=>""Fabric"", ""value""=>""SwimLycra""}, {""key""=>""Type"", ""value""=>""Swim-dress""}, {""key""=>""Pattern"", ""value""=>""Printed""}, {""key""=>""Ideal For"", ""value""=>""Women's""}, {""key""=>""Occasion"", ""value""=>""Sports""}, {""value""=>""Wash with Similar Colors, Use Detergent for Colors""}, {""value""=>""1 Swimware""}]}"
FabHomeDecor Fabric Double Sofa Bed,"[""Furniture >> Living Room Furniture >> Sofa Beds & Futons >> FabHomeDecor Fabric Double Sofa Bed (Finish Colo...""]",32157.0,22646.0,No rating available,No rating available,FabHomeDecor,False,"FabHomeDecor Fabric Double Sofa Bed (Finish Color - Dark Brown Mechanism Type - Pull Out) Price: Rs. 22,646 • Fine deep seating experience • Save Space with the all new click clack Sofa Bed • Easy to fold and vice versa with simple click clack mechanism • Chrome legs with mango wood frame for long term durability • Double cushioned Sofa Bed to provide you with extra softness to make a fine seating experience • A double bed that can easily sleep two,Specifications of FabHomeDecor Fabric Double Sofa Bed (Finish Color - Dark Brown Mechanism Type - Pull Out) In The Box 1 Sofa Bed Installation & Demo Installation & Demo Details Installation and demo for this product is done free of cost as part of this purchase. Our service partner will visit your location within 72 business hours from the delivery of the product. Important Note Cancellation NOT allowed for this product after 24 hrs of order booking. General Brand FabHomeDecor Mattress Included No Delivery Condition Knock Down Storage Included No Mechanism Type Pull Out Type Sofa Bed Style Contemporary & Modern Filling Material Microfiber Seating Capacity 3 Seater Upholstery Type NA Upholstery Included No Bed Size Double Shape Square Suitable For Living Room Model Number FHD115 Finish Type Matte Care Instructions Avoid outdoor use and exposure to water or prolonged moisture, Avoid exposure to direct heat or sunlight as this can cause the sofa colour to fade, Keep sharp objects away from your sofa, A little tear on the fabric cover may be hard to repair, Vacuum your sofas periodically with a soft bristled bru...View More Avoid outdoor use and exposure to water or prolonged moisture, Avoid exposure to direct heat or sunlight as this can cause the sofa colour to fade, Keep sharp objects away from your sofa, A little tear on the fabric cover may be hard to repair, Vacuum your sofas periodically with a soft bristled brush attachment or lightly brush them to keep general dirt and dust off the sofa and prevent any embedding between the fibres, Try to avoid food and drink spillage of any kind, If spills occur, do not leave unattended, In case of a stain, a water-free fabric cleaner can be used, However, avoid applying the cleaner directly on the stain as this can cause damage to the fabric and fade colour, Pour the cleaner onto a clean cloth and test its effect on a hidden area of the sofa before cleaning the stain with the cloth, A professional scotchguard treatment is one of the easiest and most effective options to protect against spills or stains and keep pet hair at bay, Getting your sofa professionally cleaned once every 6-8 months will not only take care of the nooks and corners that you can't reach, it will also make it more durable Dimensions Weight 40 kg Height 838.2 mm Width 1905 mm Depth 939.8 mm Warranty Covered in Warranty Warranty covers all kind of manufacturing defects. Concerned product will either be repaired or replaced based on discretion. Warranty Summary 6 Months Domestic Warranty Service Type Manufacturer Warranty Not Covered in Warranty Warranty does not cover for Improper Handling Disclaimer - The color of the product may vary slightly compared to the picture displayed on your screen. This is due to lighting, pixel quality and color settings - Please check the product's dimensions to ensure the product will fit in the desired location. Also, check if the product will fit through...View More - The color of the product may vary slightly compared to the picture displayed on your screen. This is due to lighting, pixel quality and color settings - Please check the product's dimensions to ensure the product will fit in the desired location. Also, check if the product will fit through the entrance(s) and door(s) of the premises - Please expect an unevenness of up to 5 mm in the product due to differences in surfaces and floor levels - Flipkart, or the Seller delivering the product, will not take up any type of civil work, such as drilling holes in the wall to mount the product. The product will only be assembled in case carpentry assembly is required - In case the product appears to lack shine, wiping the surface with a cloth will help clear the surface of dust particles Material & Color Primary Material Fabric Primary Color Brown Upholstery Color Dark Brown Secondary Material Foam Secondary Material Subtype Mango Wood Finish Color Dark Brown Primary Material Subtype Foam","{""product_specification""=>[{""value""=>""1 Sofa Bed""}, {""key""=>""Installation & Demo Details"", ""value""=>""Installation and demo for this product is done free of cost as part of this purchase. Our service partner will visit your location within 72 business hours from the delivery of the product.""}, {""value""=>""Cancellation NOT allowed for this product after 24 hrs of order booking.""}, {""value""=>""- The color of the product may vary slightly compared to the picture displayed on your screen. This is due to lighting, pixel quality and color settings - Please check the product's dimensions to ensure the product will fit in the desired location. Also, check if the product will fit through...View More - The color of the product may vary slightly compared to the picture displayed on your screen. This is due to lighting, pixel quality and color settings - Please check the product's dimensions to ensure the product will fit in the desired location. Also, check if the product will fit through the entrance(s) and door(s) of the premises - Please expect an unevenness of up to 5 mm in the product due to differences in surfaces and floor levels - Flipkart, or the Seller delivering the product, will not take up any type of civil work, such as drilling holes in the wall to mount the product. The product will only be assembled in case carpentry assembly is required - In case the product appears to lack shine, wiping the surface with a cloth will help clear the surface of dust particles""}, {""key""=>""Brand"", ""value""=>""FabHomeDecor""}, {""key""=>""Mattress Included"", ""value""=>""No""}, {""key""=>""Delivery Condition"", ""value""=>""Knock Down""}, {""key""=>""Storage Included"", ""value""=>""No""}, {""key""=>""Mechanism Type"", ""value""=>""Pull Out""}, {""key""=>""Type"", ""value""=>""Sofa Bed""}, {""key""=>""Style"", ""value""=>""Contemporary and Modern""}, {""key""=>""Filling Material"", ""value""=>""Microfiber""}, {""key""=>""Seating Capacity"", ""value""=>""3 Seater""}, {""key""=>""Upholstery Type"", ""value""=>""NA""}, {""key""=>""Upholstery Included"", ""value""=>""No""}, {""key""=>""Bed Size"", ""value""=>""Double""}, {""key""=>""Shape"", ""value""=>""Square""}, {""key""=>""Suitable For"", ""value""=>""Living Room""}, {""key""=>""Model Number"", ""value""=>""FHD115""}, {""key""=>""Finish Type"", ""value""=>""Matte""}, {""key""=>""Care Instructions"", ""value""=>""Avoid outdoor use and exposure to water or prolonged moisture, Avoid exposure to direct heat or sunlight as this can cause the sofa colour to fade, Keep sharp objects away from your sofa, A little tear on the fabric cover may be hard to repair, Vacuum your sofas periodically with a soft bristled bru...View More Avoid outdoor use and exposure to water or prolonged moisture, Avoid exposure to direct heat or sunlight as this can cause the sofa colour to fade, Keep sharp objects away from your sofa, A little tear on the fabric cover may be hard to repair, Vacuum your sofas periodically with a soft bristled brush attachment or lightly brush them to keep general dirt and dust off the sofa and prevent any embedding between the fibres, Try to avoid food and drink spillage of any kind, If spills occur, do not leave unattended, In case of a stain, a water-free fabric cleaner can be used, However, avoid applying the cleaner directly on the stain as this can cause damage to the fabric and fade colour, Pour the cleaner onto a clean cloth and test its effect on a hidden area of the sofa before cleaning the stain with the cloth, A professional scotchguard treatment is one of the easiest and most effective options to protect against spills or stains and keep pet hair at bay, Getting your sofa professionally cleaned once every 6-8 months will not only take care of the nooks and corners that you can't reach, it will also make it more durable""}, {""key""=>""Weight"", ""value""=>""40 kg""}, {""key""=>""Height"", ""value""=>""838.2 mm""}, {""key""=>""Width"", ""value""=>""1905 mm""}, {""key""=>""Depth"", ""value""=>""939.8 mm""}, {""key""=>""Covered in Warranty"", ""value""=>""Warranty covers all kind of manufacturing defects. Concerned product will either be repaired or replaced based on discretion.""}, {""key""=>""Warranty Summary"", ""value""=>""6 Months Domestic Warranty""}, {""key""=>""Service Type"", ""value""=>""Manufacturer Warranty""}, {""key""=>""Not Covered in Warranty"", ""value""=>""Warranty does not cover for Improper Handling""}, {""key""=>""Primary Material"", ""value""=>""Fabric""}, {""key""=>""Primary Color"", ""value""=>""Brown""}, {""key""=>""Upholstery Color"", ""value""=>""Dark Brown""}, {""key""=>""Secondary Material"", ""value""=>""Foam""}, {""key""=>""Secondary Material Subtype"", ""value""=>""Mango Wood""}, {""key""=>""Finish Color"", ""value""=>""Dark Brown""}, {""key""=>""Primary Material Subtype"", ""value""=>""Foam""}]}"
Sicons Conditioning Conditoner Dog Shampoo,"[""Pet Supplies >> Grooming >> Skin & Coat Care >> Shampoo >> Sicons Conditioning Conditoner Dog Shampoo (200 ml)""]",110.0,100.0,No rating available,No rating available,Sicons,False,Specifications of Sicons Conditioning Conditoner Dog Shampoo (200 ml) General Pet Type Dog Brand Sicons Quantity 200 ml Model Number SH.DF-02 Type Conditioning Fragrance Conditoner Form Factor Gel In the Box Sales Package Shampoo Sicons Dog Fashion Conditioner Aloe Rinse,"{""product_specification""=>[{""key""=>""Pet Type"", ""value""=>""Dog""}, {""key""=>""Brand"", ""value""=>""Sicons""}, {""key""=>""Quantity"", ""value""=>""200 ml""}, {""key""=>""Model Number"", ""value""=>""SH.DF-02""}, {""key""=>""Type"", ""value""=>""Conditioning""}, {""key""=>""Fragrance"", ""value""=>""Conditoner""}, {""key""=>""Form Factor"", ""value""=>""Gel""}, {""key""=>""Sales Package"", ""value""=>""Shampoo Sicons Dog Fashion Conditioner Aloe Rinse""}]}"
Alisha Solid Women's Cycling Shorts,"[""Clothing >> Women's Clothing >> Lingerie, Sleep & Swimwear >> Shorts >> Alisha Shorts >> Alisha Solid Women's Cycling Shorts""]",,,No rating available,No rating available,Alisha,False,"Alisha Solid Women's Cycling Shorts - Buy Black, White, Navy Alisha Solid Women's Cycling Shorts For Only Rs. 999 Online in India. Shop Online For Apparels. Huge Collection of Branded Clothes Only at Flipkart.com",
dongli Printed Boy's Round Neck T-Shirt,"[""Clothing >> Kids' Clothing >> Boys Wear >> Polos & T-Shirts >> dongli Polos & T-Shirts >> dongli Printed Boy's Round Neck T-Shirt (Pack of 4)""]",2400.0,1039.0,No rating available,No rating available,dongli,False,"Specifications of dongli Printed Boy's Round Neck T-Shirt (Pack of 4) T-shirt Details Sleeve Half Sleeve Number of Contents in Sales Package Pack of 4 Fabric Cotton Type Round Neck Fit Regular General Details Pattern Printed Occasion Casual Ideal For Boy's In the Box 4 T Shirt Additional Details Style Code DLHBB445_BEIGE_BLACK_GYELLOW_PURPLE Fabric Care Wash with Similar Colors, Use Detergent for Colors","{""product_specification""=>[{""key""=>""Sleeve"", ""value""=>""Half Sleeve""}, {""key""=>""Number of Contents in Sales Package"", ""value""=>""Pack of 4""}, {""key""=>""Fabric"", ""value""=>""Cotton""}, {""key""=>""Type"", ""value""=>""Round Neck""}, {""key""=>""Fit"", ""value""=>""Regular""}, {""key""=>""Pattern"", ""value""=>""Printed""}, {""key""=>""Occasion"", ""value""=>""Casual""}, {""key""=>""Ideal For"", ""value""=>""Boy's""}, {""value""=>""4 T Shirt""}, {""key""=>""Style Code"", ""value""=>""DLHBB445_BEIGE_BLACK_GYELLOW_PURPLE""}, {""value""=>""Wash with Similar Colors, Use Detergent for Colors""}]}"
SWAGGA Women Clogs,"[""Footwear >> Women's Footwear >> Sports Sandals >> SWAGGA Women Clogs""]",1500.0,1500.0,No rating available,No rating available,SWAGGA,False,"Key Features of SWAGGA Women Clogs Occasion: Ethnic Material: Leather Color: Brown, White Heel Height: 0,Specifications of SWAGGA Women Clogs General Occasion Ethnic Ideal For Women Sandal Details Type Clogs Heel Height 0 inch Outer Material Leather Color Brown, White13","{""product_specification""=>[{""key""=>""Occasion"", ""value""=>""Ethnic""}, {""key""=>""Ideal For"", ""value""=>""Women""}, {""key""=>""Type"", ""value""=>""Clogs""}, {""key""=>""Heel Height"", ""value""=>""0 inch""}, {""key""=>""Outer Material"", ""value""=>""Leather""}, {""key""=>""Color"", ""value""=>""Brown, White13""}]}"
Kennel Rubber Dumbell With Bell - Small Rubber Rubber Toy For Dog,"[""Pet Supplies >> Toys >> Comfort Toys""]",190.0,190.0,No rating available,No rating available,Kennel,False,Buy Kennel Rubber Dumbell With Bell - Small Rubber Rubber Toy For Dog for Rs.190 online. Kennel Rubber Dumbell With Bell - Small Rubber Rubber Toy For Dog at best prices with FREE shipping & cash on delivery. Only Genuine Products. 30 Day Replacement Guarantee.,"{""product_specification""=>[{""key""=>""Pet Type"", ""value""=>""Dog""}, {""key""=>""Brand"", ""value""=>""Kennel""}, {""key""=>""Suitable For"", ""value""=>""Adult, Young""}, {""key""=>""Activity Type"", ""value""=>""Training""}, {""key""=>""Model Number"", ""value""=>""A35""}, {""key""=>""Type"", ""value""=>""Rubber Toy""}, {""key""=>""Model Name"", ""value""=>""Rubber Dumbell With Bell - Small""}, {""key""=>""Material"", ""value""=>""Rubber""}, {""key""=>""Chewable"", ""value""=>""No""}, {""key""=>""Color"", ""value""=>""Multicolor""}, {""key""=>""Weight"", ""value""=>""159 g""}, {""key""=>""Sales Package"", ""value""=>""Hard Toy""}, {""key""=>""Pack of"", ""value""=>""1""}]}"
Glus Wedding Lingerie Set,"[""Clothing >> Women's Clothing >> Lingerie, Sleep & Swimwear >> Lingerie Sets >> Glus Lingerie Sets""]",1299.0,699.0,No rating available,No rating available,,False,Glus Wedding Lingerie Set - Buy Turquoise Glus Wedding Lingerie Set For Only Rs. 1299 Online in India. Shop Online For Apparels. Huge Collection of Branded Clothes Only at Flipkart.com,"{""product_specification""=>[{""key""=>""Number of Contents in Sales Package"", ""value""=>""Pack of 1""}, {""key""=>""Fabric"", ""value""=>""Polyamide""}, {""key""=>""Type"", ""value""=>""Bra and Panty Set""}, {""key""=>""Function"", ""value""=>""Wedding""}, {""key""=>""Series"", ""value""=>""Fashion""}, {""key""=>""Style"", ""value""=>""Front Open Bra and Bikini Cut Back Mesh Panty""}, {""key""=>""Neck"", ""value""=>""V-neck""}, {""key""=>""Design"", ""value""=>""Racer Back With Strings . Balconette Underwire Oushup Thick Pad Bra and Designer Bikini Cut Panty.""}, {""key""=>""Pattern"", ""value""=>""Solid""}, {""key""=>""Ideal For"", ""value""=>""Women's""}, {""key""=>""Occasion"", ""value""=>""Wedding""}, {""key""=>""Cup Size"", ""value""=>""B""}, {""key""=>""Cup Type"", ""value""=>""Thick Padded Pushup Cups""}, {""value""=>""Wash With Similar Colors, Use Detergent For Colors""}, {""value""=>""Racer Back with strings , balconette underwire bar with front opening Bra. Designer bikini cut panty. String design at front and complete see through mesh at Back.""}, {""value""=>""Lingerie Set""}]}"
Veelys Shiny White Quad Roller Skates - Size 4.5 UK,"[""Sports & Fitness >> Other Sports >> Skating >> Skates >> Veelys Skates""]",3199.0,2499.0,No rating available,No rating available,,False,Veelys Shiny White Quad Roller Skates - Size 4.5 UK only for Rs 2499 . Ideal For Boys . Buy online @ Flipkart.com. Only Genuine Products. Free Shipping. Cash On Delivery!,"{""product_specification""=>[{""key""=>""Playing Level"", ""value""=>""Advanced""}, {""key""=>""Age Group"", ""value""=>""4 - 18 Years""}, {""key""=>""Type"", ""value""=>""Quad Roller""}, {""key""=>""Ideal For"", ""value""=>""Boys""}, {""key""=>""Shoe Size"", ""value""=>""4.5 UK""}, {""key""=>""Weight"", ""value""=>""400 g""}, {""value""=>""NA""}, {""key""=>""Number of Contents in Sales Package"", ""value""=>""Pack of 1""}, {""key""=>""Sales Package"", ""value""=>""Pair Of Shoes""}, {""key""=>""Lining"", ""value""=>""No""}, {""key""=>""Closure Type"", ""value""=>""Automatic Rollers""}]}"
Bulaky vanity case Jewellery Vanity Case,"[""Beauty and Personal Care >> Makeup >> Vanity Boxes >> Bulaky Vanity Boxes""]",499.0,390.0,3,3,,False,Buy Bulaky vanity case Jewellery Vanity Case for Rs.390 online. Bulaky vanity case Jewellery Vanity Case at best prices with FREE shipping & cash on delivery. Only Genuine Products. 30 Day Replacement Guarantee.,"{""product_specification""=>{""key""=>""Body Material"", ""value""=>""croco leather material""}}"
FDT Women's Leggings,"[""Clothing >> Women's Clothing >> Fusion Wear >> Leggings & Jeggings >> Legging Jegging >> FDT Legging Jegging""]",699.0,309.0,No rating available,No rating available,,False,FDT Women's Leggings - Buy Parrot Green FDT Women's Leggings For Only Rs. 699 Online in India. Shop Online For Apparels. Huge Collection of Branded Clothes Only at Flipkart.com,"{""product_specification""=>[{""key""=>""Number of Contents in Sales Package"", ""value""=>""Pack of 1""}, {""key""=>""Fabric"", ""value""=>""Cotton""}, {""key""=>""Type"", ""value""=>""Leggings""}, {""key""=>""Waistband"", ""value""=>""Elastic""}, {""key""=>""Pattern"", ""value""=>""Solid""}, {""key""=>""Ideal For"", ""value""=>""Women's""}, {""value""=>""Gentle Machine Wash in Lukewarm Water, Do Not Bleach""}]}"
Madcaps C38GR30 Men's Cargos,"[""Clothing >> Men's Clothing >> Cargos, Shorts & 3/4ths >> Cargos >> Madcaps Cargos""]",2199.0,1699.0,No rating available,No rating available,,False,Madcaps C38GR30 Men's Cargos - Buy Green Madcaps C38GR30 Men's Cargos For Only Rs. 2199 Online in India. Shop Online For Apparels. Huge Collection of Branded Clothes Only at Flipkart.com,"{""product_specification""=>[{""key""=>""Number of Contents in Sales Package"", ""value""=>""Pack of 1""}, {""key""=>""Fabric"", ""value""=>""Cotton""}, {""key""=>""Fit"", ""value""=>""Relaxed Fit""}, {""key""=>""Pattern"", ""value""=>""Printed""}, {""key""=>""Ideal For"", ""value""=>""Men's""}, {""value""=>""Gentle Machine Wash in Lukewarm Water, Do Not Bleach, Do Not Tumble Dry, Cool Iron, Do Not Dry Clean, Wash And Iron Inside Out, Wash With Similar Colors, Use Detergent""}, {""key""=>""Style Code"", ""value""=>""CARGO 38 GREEN""}]}"
Bengal Blooms Rose Artificial Plant  with Pot,"[""Bengal Blooms Rose Artificial Plant  with Pot (3...""]",799.0,579.0,No rating available,No rating available,Bengal Blooms,False,"Key Features of Bengal Blooms Rose Artificial Plant  with Pot Assorted Height: 30 cm,Bengal Blooms Rose Artificial Plant  with Pot (30 cm, Multicolor) Price: Rs. 579 The Bengal Blooms Decor your home with artificial flowers attached to a wonderful pot.,Specifications of Bengal Blooms Rose Artificial Plant  with Pot (30 cm, Multicolor) General Brand Bengal Blooms Model Number BBAJC218 Type Assorted Bonsai No Model Name Rose Color Multicolor Pot Features Pot Included Yes Dimensions Total Height 30 cm In the Box Sales Package 1 Assorted Artificial plant with Pot","{""product_specification""=>[{""key""=>""Brand"", ""value""=>""Bengal Blooms""}, {""key""=>""Model Number"", ""value""=>""BBAJC218""}, {""key""=>""Type"", ""value""=>""Assorted""}, {""key""=>""Bonsai"", ""value""=>""No""}, {""key""=>""Model Name"", ""value""=>""Rose""}, {""key""=>""Color"", ""value""=>""Multicolor""}, {""key""=>""Pot Included"", ""value""=>""Yes""}, {""key""=>""Total Height"", ""value""=>""30 cm""}, {""key""=>""Sales Package"", ""value""=>""1 Assorted Artificial plant with Pot""}]}"
Indcrown Net Embroidered Semi-stitched Lehenga Choli Material,"[""Clothing >> Women's Clothing >> Ethnic Wear >> Fabric >> Lehenga Choli Material >> Indcrown Lehenga Choli Material >> Indcrown Net Embroidered Semi-stitched Lehenga C...""]",999.0,699.0,No rating available,No rating available,Indcrown,False,"Key Features of Indcrown Net Embroidered Semi-stitched Lehenga Choli Material Ghagra Choli , Ghagra, Choli, Dupatta Set , Lehenga Choli , Lehenga, Choli and Dupatta Set .,Indcrown Net Embroidered Semi-stitched Lehenga Choli Material (Semi-stitched) Price: Rs. 699 We have not authorised any other seller to sell our brand Indcrown . Any seller doing so is selling fake Indcrown Products. Buy original Indcrown products from the seller "" indcrown‘’ only,Specifications of Indcrown Net Embroidered Semi-stitched Lehenga Choli Material (Semi-stitched) Fabric Details Fabric Net Type Semi-stitched Lehenga Choli Material General Details Pattern Embroidered Ideal For Women's Color Multicolor Fabric Care Dry clean or else Normal Hand Wash Additional Details Other Details Lehnga Choli is an Indian traditional ware also known as Chaniya Choli. We at Bolly Lounge offers you to attract compliments by this attractive Lehnga Choli made with fine quality material and beautiful work which can be worn for functions, festivals, parties and even office also. This Lehnga Choli ...View More Lehnga Choli is an Indian traditional ware also known as Chaniya Choli. We at Bolly Lounge offers you to attract compliments by this attractive Lehnga Choli made with fine quality material and beautiful work which can be worn for functions, festivals, parties and even office also. This Lehnga Choli is comes with unstitched material so it can be stitched according to your taste and preference. Stunning Self Designed Partywear Salwar Suit Gives A Trendy Look. Suit Having Fine Embroidery Work Over All. A Fine Fabric Used To Make It, It Will Be Comfortable In All Season. Style Code R C Lehe Bt In the Box 1 Lehenga Choli And Duppta Set","{""product_specification""=>[{""key""=>""Fabric"", ""value""=>""Net""}, {""key""=>""Type"", ""value""=>""Semi-stitched Lehenga Choli Material""}, {""key""=>""Pattern"", ""value""=>""Embroidered""}, {""key""=>""Ideal For"", ""value""=>""Women's""}, {""key""=>""Color"", ""value""=>""Multicolor""}, {""value""=>""Dry clean or else Normal Hand Wash""}, {""key""=>""Other Details"", ""value""=>""Lehnga Choli is an Indian traditional ware also known as Chaniya Choli. We at Bolly Lounge offers you to attract compliments by this attractive Lehnga Choli made with fine quality material and beautiful work which can be worn for functions, festivals, parties and even office also. This Lehnga Choli ...View More Lehnga Choli is an Indian traditional ware also known as Chaniya Choli. We at Bolly Lounge offers you to attract compliments by this attractive Lehnga Choli made with fine quality material and beautiful work which can be worn for functions, festivals, parties and even office also. This Lehnga Choli is comes with unstitched material so it can be stitched according to your taste and preference. Stunning Self Designed Partywear Salwar Suit Gives A Trendy Look. Suit Having Fine Embroidery Work Over All. A Fine Fabric Used To Make It, It Will Be Comfortable In All Season.""}, {""key""=>""Style Code"", ""value""=>""R C Lehe Bt""}, {""value""=>""1 Lehenga Choli And Duppta Set""}]}"
Shopmania Music Band A5 Notebook Spiral Bound,"[""Pens & Stationery >> Diaries & Notebooks >> Notebooks >> Designer >> Shopmania Designer >> Shopmania Music Band A5 Notebook Spiral Bound (M...""]",499.0,275.0,No rating available,No rating available,Shopmania,False,"Specifications of Shopmania Music Band A5 Notebook Spiral Bound (Multicolor) General Ruling Ruled Model id NB00664 Type Notebook GSM 75 Cover Type 300 GSM Hard Laminated Cover No. of Pages 160 Brand Name Shopmania Binding Spiral Bound Color Multicolor Size A5 Dimensions Length 9 inch Width 6 inch Special Features Can be used as Notepad, Diary, Writing pad In the Box Sales Package 1 Notebook","{""product_specification""=>[{""key""=>""Ruling"", ""value""=>""Ruled""}, {""key""=>""Model id"", ""value""=>""NB00664""}, {""key""=>""Type"", ""value""=>""Notebook""}, {""key""=>""GSM"", ""value""=>""75""}, {""key""=>""Cover Type"", ""value""=>""300 GSM Hard Laminated Cover""}, {""key""=>""No. of Pages"", ""value""=>""160""}, {""key""=>""Brand Name"", ""value""=>""Shopmania""}, {""key""=>""Binding"", ""value""=>""Spiral Bound""}, {""key""=>""Color"", ""value""=>""Multicolor""}, {""key""=>""Size"", ""value""=>""A5""}, {""key""=>""Length"", ""value""=>""9 inch""}, {""key""=>""Width"", ""value""=>""6 inch""}, {""value""=>""Can be used as Notepad, Diary, Writing pad""}, {""key""=>""Sales Package"", ""value""=>""1 Notebook""}]}"
Shopmania Music Band A5 Notebook Spiral Bound,"[""Pens & Stationery >> Diaries & Notebooks >> Notebooks >> Designer >> Shopmania Designer >> Shopmania Music Band A5 Notebook Spiral Bound (M...""]",499.0,275.0,No rating available,No rating available,Shopmania,False,"Specifications of Shopmania Music Band A5 Notebook Spiral Bound (Multicolor) General Ruling Ruled Model id NB00678 Type Notebook GSM 75 Cover Type 300 GSM Hard Laminated Cover No. of Pages 160 Brand Name Shopmania Binding Spiral Bound Color Multicolor Size A5 Dimensions Length 9 inch Width 6 inch Special Features Can be used as Notepad, Diary, Writing pad In the Box Sales Package 1 Notebook","{""product_specification""=>[{""key""=>""Ruling"", ""value""=>""Ruled""}, {""key""=>""Model id"", ""value""=>""NB00678""}, {""key""=>""Type"", ""value""=>""Notebook""}, {""key""=>""GSM"", ""value""=>""75""}, {""key""=>""Cover Type"", ""value""=>""300 GSM Hard Laminated Cover""}, {""key""=>""No. of Pages"", ""value""=>""160""}, {""key""=>""Brand Name"", ""value""=>""Shopmania""}, {""key""=>""Binding"", ""value""=>""Spiral Bound""}, {""key""=>""Color"", ""value""=>""Multicolor""}, {""key""=>""Size"", ""value""=>""A5""}, {""key""=>""Length"", ""value""=>""9 inch""}, {""key""=>""Width"", ""value""=>""6 inch""}, {""value""=>""Can be used as Notepad, Diary, Writing pad""}, {""key""=>""Sales Package"", ""value""=>""1 Notebook""}]}"
"Tiara Diaries 2016-2017 Designer LA Kaarta ""TAKING ACTION GETTING RESULT"" (Set of 3) B5 Notebook Hard Bound","[""Pens & Stationery >> Diaries & Notebooks >> Notebooks >> Designer >> Tiara Diaries Designer >> Tiara Diaries 2016-2017 Designer LA Kaarta \""TAKI...""]",1000.0,837.0,No rating available,No rating available,Tiara Diaries,False,"Specifications of Tiara Diaries 2016-2017 Designer LA Kaarta ""TAKING ACTION GETTING RESULT"" (Set of 3) B5 Notebook Hard Bound (Coffee, Pack of 3) General Ruling ruled Model id 244 Type Notebook No. of Pages 216 Brand Name Tiara Diaries Binding Hard Bound Size B5 Color Coffee","{""product_specification""=>[{""key""=>""Ruling"", ""value""=>""ruled""}, {""key""=>""Model id"", ""value""=>""244""}, {""key""=>""Type"", ""value""=>""Notebook""}, {""key""=>""No. of Pages"", ""value""=>""216""}, {""key""=>""Brand Name"", ""value""=>""Tiara Diaries""}, {""key""=>""Binding"", ""value""=>""Hard Bound""}, {""key""=>""Size"", ""value""=>""B5""}, {""key""=>""Color"", ""value""=>""Coffee""}]}"
KAJCI Embroidered Women's Waistcoat,"[""Clothing >> Women's Clothing >> Formal Wear >> Waistcoats >> KAJCI Waistcoats >> KAJCI Embroidered Women's Waistcoat""]",1200.0,699.0,No rating available,No rating available,KAJCI,False,Specifications of KAJCI Embroidered Women's Waistcoat General Details Pattern Embroidered Ideal For Women's Waistcoat Details Fabric Art Silk In the Box Waistcoat Additional Details Style Code LKOD112 Fabric Care Dry Clean Only,"{""product_specification""=>[{""key""=>""Pattern"", ""value""=>""Embroidered""}, {""key""=>""Ideal For"", ""value""=>""Women's""}, {""key""=>""Fabric"", ""value""=>""Art Silk""}, {""value""=>""Waistcoat""}, {""key""=>""Style Code"", ""value""=>""LKOD112""}, {""value""=>""Dry Clean Only""}]}"
Packman 8 x 10 inches Security Bags Without POD Jacket Courier Bag Security Bag,"[""Pens & Stationery >> Office Supplies >> Packaging Security Bags >> Packman Packaging Security Bags >> Packman 8 x 10 inches Security Bags Without POD ...""]",350.0,298.0,No rating available,No rating available,Packman,False,"Key Features of Packman 8 x 10 inches Security Bags Without POD Jacket Courier Bag Security Bag Supplying to Over 200 Companies around world International E-commerce Standard Direct From ISO 9002 Factory 60 Microns High Quality Bags Longer Lasting Protection,Packman 8 x 10 inches Security Bags Without POD Jacket Courier Bag Security Bag (21.59 x 27.95 Pack of 100) Price: Rs. 298 Courier Bag,Specifications of Packman 8 x 10 inches Security Bags Without POD Jacket Courier Bag Security Bag (21.59 x 27.95 Pack of 100) General Bubble Wrap Present No Brand Packman Model Number 8 x 10 inches Security Bags Without POD Jacket Courier Bag Water Resistant Yes Tamper Proof Yes Material Plastic POD Jacket Available No Color Grey Size 21.59 x 27.95 Dimensions Weight 600 g Other Dimensions 8 x 10 Thickness 60 micron Additional Features Other Features security bag In the Box Sales Package 1 pack contains 100 pcs Pack of 100","{""product_specification""=>[{""key""=>""Bubble Wrap Present"", ""value""=>""No""}, {""key""=>""Brand"", ""value""=>""Packman""}, {""key""=>""Model Number"", ""value""=>""8 x 10 inches Security Bags Without POD Jacket Courier Bag""}, {""key""=>""Water Resistant"", ""value""=>""Yes""}, {""key""=>""Tamper Proof"", ""value""=>""Yes""}, {""key""=>""Material"", ""value""=>""Plastic""}, {""key""=>""POD Jacket Available"", ""value""=>""No""}, {""key""=>""Color"", ""value""=>""Grey""}, {""key""=>""Size"", ""value""=>""21.59 x 27.95""}, {""key""=>""Weight"", ""value""=>""600 g""}, {""key""=>""Other Dimensions"", ""value""=>""8 x 10""}, {""key""=>""Thickness"", ""value""=>""60 micron""}, {""key""=>""Other Features"", ""value""=>""security bag""}, {""key""=>""Sales Package"", ""value""=>""1 pack contains 100 pcs""}, {""key""=>""Pack of"", ""value""=>""100""}]}"
Pick Pocket Embroidered Women's Waistcoat,"[""Clothing >> Women's Clothing >> Formal Wear >> Waistcoats >> Pick Pocket Waistcoats >> Pick Pocket Embroidered Women's Waistcoat""]",899.0,899.0,No rating available,No rating available,Pick Pocket,False,Specifications of Pick Pocket Embroidered Women's Waistcoat General Details Pattern Embroidered Occasion Casual Ideal For Women's Waistcoat Details Lining Polyester Fabric Bengal Silk Additional Details Style Code TL-012 Fabric Care First Time Dry Clean,"{""product_specification""=>[{""key""=>""Pattern"", ""value""=>""Embroidered""}, {""key""=>""Occasion"", ""value""=>""Casual""}, {""key""=>""Ideal For"", ""value""=>""Women's""}, {""key""=>""Lining"", ""value""=>""Polyester""}, {""key""=>""Fabric"", ""value""=>""Bengal Silk""}, {""key""=>""Style Code"", ""value""=>""TL-012""}, {""value""=>""First Time Dry Clean""}]}"
Angelfish Silk Potali Potli,"[""Bags, Wallets & Belts >> Bags >> Pouches and Potlis >> Angelfish Pouches and Potlis >> Angelfish Silk Potali Potli (Multicolor)""]",999.0,399.0,No rating available,No rating available,Angelfish,False,"Angelfish Silk Potali Potli (Multicolor) Price: Rs. 399 Made by silk Fabric with fancy lace adnored and stylish handle also.(set of 2 piece),Specifications of Angelfish Silk Potali Potli (Multicolor) General Closure Velcro Type Potli Material Fabric Style Code AELKABJ01224-A Ideal For Girls Bag Size Small Occasion Party Color Code Multicolor Dimensions Weight 200 g Body Features Number of Compartments 1","{""product_specification""=>[{""key""=>""Closure"", ""value""=>""Velcro""}, {""key""=>""Type"", ""value""=>""Potli""}, {""key""=>""Material"", ""value""=>""Fabric""}, {""key""=>""Style Code"", ""value""=>""AELKABJ01224-A""}, {""key""=>""Ideal For"", ""value""=>""Girls""}, {""key""=>""Bag Size"", ""value""=>""Small""}, {""key""=>""Occasion"", ""value""=>""Party""}, {""key""=>""Color Code"", ""value""=>""Multicolor""}, {""key""=>""Weight"", ""value""=>""200 g""}, {""key""=>""Number of Compartments"", ""value""=>""1""}]}"
Oye Boy's Dungaree,"[""Clothing >> Kids' Clothing >> Boys Wear >> Dungarees & Jumpsuits >> Dungarees >> Oye Dungarees >> Oye Boy's Dungaree""]",899.0,764.0,No rating available,No rating available,Oye,False,Specifications of Oye Boy's Dungaree Top Details Number of Contents in Sales Package Pack of 1 Fabric Cotton Type Dungaree General Details Pattern Solid Ideal For Boy's In the Box 1 Dungaree,"{""product_specification""=>[{""key""=>""Number of Contents in Sales Package"", ""value""=>""Pack of 1""}, {""key""=>""Fabric"", ""value""=>""Cotton""}, {""key""=>""Type"", ""value""=>""Dungaree""}, {""key""=>""Pattern"", ""value""=>""Solid""}, {""key""=>""Ideal For"", ""value""=>""Boy's""}, {""value""=>""1 Dungaree""}]}"
Nuride Canvas Shoes,"[""Footwear >> Women's Footwear >> Casual Shoes >> Canvas >> Nuride Canvas Shoes""]",1999.0,1349.0,No rating available,No rating available,Nuride,False,"Key Features of Nuride Canvas Shoes Material: Canvas Occasion: Casual Color: Red Heel Height: 0.5,Specifications of Nuride Canvas Shoes General Occasion Casual Ideal For Women Shoe Details Heel Height 0.5 inch Outer Material Canvas Color Red","{""product_specification""=>[{""key""=>""Occasion"", ""value""=>""Casual""}, {""key""=>""Ideal For"", ""value""=>""Women""}, {""key""=>""Heel Height"", ""value""=>""0.5 inch""}, {""key""=>""Outer Material"", ""value""=>""Canvas""}, {""key""=>""Color"", ""value""=>""Red""}]}"
OM SHIVAKRITI Square wall Clock Showpiece  -  38.1 cm,"[""Home Decor & Festive Needs >> Showpiece >> Gramophones >> OM SHIVAKRITI Gramophones >> OM SHIVAKRITI Square wall Clock Showpiece  -  38...""]",1499.0,1499.0,No rating available,No rating available,OM SHIVAKRITI,False,"Key Features of OM SHIVAKRITI Square wall Clock Showpiece  -  38.1 cm Paper Mache Height - 38.1 cm Width - 38.1 cm,OM SHIVAKRITI Square wall Clock Showpiece  -  38.1 cm (Paper Mache, Multicolor) Price: Rs. 1,499 Omshivakriti brings you this square wall watch made from paper mache and finished in attractive set of colors. The product in display is ideal to décor your home.,Specifications of OM SHIVAKRITI Square wall Clock Showpiece  -  38.1 cm (Paper Mache, Multicolor) General Brand OM SHIVAKRITI Model Number OSK60 Type Antique Material Paper Mache Model Name Square wall Clock Color Multicolor Dimensions Height 38.1 cm Width 38.1 cm Depth 3.81 cm In the Box Sales Package 1 showpiece","{""product_specification""=>[{""key""=>""Brand"", ""value""=>""OM SHIVAKRITI""}, {""key""=>""Model Number"", ""value""=>""OSK60""}, {""key""=>""Type"", ""value""=>""Antique""}, {""key""=>""Material"", ""value""=>""Paper Mache""}, {""key""=>""Model Name"", ""value""=>""Square wall Clock""}, {""key""=>""Color"", ""value""=>""Multicolor""}, {""key""=>""Height"", ""value""=>""38.1 cm""}, {""key""=>""Width"", ""value""=>""38.1 cm""}, {""key""=>""Depth"", ""value""=>""3.81 cm""}, {""key""=>""Sales Package"", ""value""=>""1 showpiece""}]}"
Himmlisch ST381 Magnetic Sun Shade For Maruti Alto,"[""Automotive >> Accessories & Spare parts >> Car Interior & Exterior >> Car Interior >> Car Sun Shades >> Himmlisch ST381 Magnetic Sun Shade For Maruti Al...""]",6999.0,1899.0,No rating available,No rating available,Himmlisch,False,"Himmlisch ST381 Magnetic Sun Shade For Maruti Alto (Side Window) Price: Rs. 1,899 Beat the heat this summer and feel like a VIP with Himmlisch Car Window Magnetic Sunshades. These magnetic sunshades create a mesh layer to stops the heat. Magnet border gets easily stick to your car window door edges (No need of Suction cups) Features: Block UV Rays Keeps Car Cool Easy to install and remove Durable and Exact Fit Provides Complete privacy Resists Heat Mesh Type Sunshade Package Contents: 1 x Set Of 4 Magnetic Sunshades,Specifications of Himmlisch ST381 Magnetic Sun Shade For Maruti Alto (Side Window) General Brand Himmlisch Model Number ST381 Magnetic Placement Position Side Window Color Black Dimensions Weight 4000 g Depth 1.1 cm In the Box Sales Package 4 Sun Shade Pack of 4","{""product_specification""=>[{""key""=>""Brand"", ""value""=>""Himmlisch""}, {""key""=>""Model Number"", ""value""=>""ST381 Magnetic""}, {""key""=>""Placement Position"", ""value""=>""Side Window""}, {""key""=>""Color"", ""value""=>""Black""}, {""key""=>""Weight"", ""value""=>""4000 g""}, {""key""=>""Depth"", ""value""=>""1.1 cm""}, {""key""=>""Sales Package"", ""value""=>""4 Sun Shade""}, {""key""=>""Pack of"", ""value""=>""4""}]}"
Rapter BNC-179 BNC Wire Connector,"[""Tools & Hardware >> Tools >> Hardware & Electricals >> Hardware >> Wire Joints & Connectors >> Rapter BNC-179 BNC Wire Connector (Silver, Pack ...""]",2299.0,1400.0,No rating available,No rating available,Rapter,False,"Rapter BNC-179 BNC Wire Connector (Silver, Pack of 100) Price: Rs. 1,400 Rapter Pack of 100 BNC Connector.Superior quality BNC Connectors with high quality outer metel and brass conductors used to maintain a proper video/signal quality.BNC normally used in co-axial cables to lock with female connectors which ensures permanancy of connection.They can be used in DVRs, NVRs and CCTV Cameras etc.,Specifications of Rapter BNC-179 BNC Wire Connector (Silver, Pack of 100) General Brand Rapter Suitable For Wire to Wire Connection, Wire to Circuit Board Connection Model Number BNC-179 Type BNC Waterproof Yes Corrosion Proof Yes Color Silver In the box Sales Package 100 BNC Connector Pack of 100","{""product_specification""=>[{""key""=>""Brand"", ""value""=>""Rapter""}, {""key""=>""Suitable For"", ""value""=>""Wire to Wire Connection, Wire to Circuit Board Connection""}, {""key""=>""Model Number"", ""value""=>""BNC-179""}, {""key""=>""Type"", ""value""=>""BNC""}, {""key""=>""Waterproof"", ""value""=>""Yes""}, {""key""=>""Corrosion Proof"", ""value""=>""Yes""}, {""key""=>""Color"", ""value""=>""Silver""}, {""key""=>""Sales Package"", ""value""=>""100 BNC Connector""}, {""key""=>""Pack of"", ""value""=>""100""}]}"
Vishudh Printed Women's Straight Kurta,"[""Vishudh Printed Women's Straight Kurta""]",999.0,499.0,No rating available,No rating available,Vishudh,False,"Specifications of Vishudh Printed Women's Straight Kurta Kurta Details Sleeve Sleeveless Number of Contents in Sales Package Pack of 1 Fabric 100% Cotton Type Straight Neck ROUND NECK General Details Pattern Printed Occasion Festive Ideal For Women's In the Box Kurta Additional Details Style Code VNKU004384 NAVY BLUE Fabric Care Gentle Machine Wash in Lukewarm Water, Do Not Bleach","{""product_specification""=>[{""key""=>""Sleeve"", ""value""=>""Sleeveless""}, {""key""=>""Number of Contents in Sales Package"", ""value""=>""Pack of 1""}, {""key""=>""Fabric"", ""value""=>""100% Cotton""}, {""key""=>""Type"", ""value""=>""Straight""}, {""key""=>""Neck"", ""value""=>""ROUND NECK""}, {""key""=>""Pattern"", ""value""=>""Printed""}, {""key""=>""Occasion"", ""value""=>""Festive""}, {""key""=>""Ideal For"", ""value""=>""Women's""}, {""value""=>""Kurta""}, {""key""=>""Style Code"", ""value""=>""VNKU004384 NAVY BLUE""}, {""value""=>""Gentle Machine Wash in Lukewarm Water, Do Not Bleach""}]}"
Vishudh Printed Women's Straight Kurta,"[""Vishudh Printed Women's Straight Kurta""]",899.0,449.0,No rating available,No rating available,Vishudh,False,"Specifications of Vishudh Printed Women's Straight Kurta Kurta Details Sleeve Sleeveless Number of Contents in Sales Package Pack of 1 Fabric 100% POLYESTER Type Straight Neck ROUND NECK General Details Pattern Printed Occasion Festive Ideal For Women's In the Box Kurta Additional Details Style Code VNKU004370 PINK::OLIVE Fabric Care Gentle Machine Wash in Lukewarm Water, Do Not Bleach","{""product_specification""=>[{""key""=>""Sleeve"", ""value""=>""Sleeveless""}, {""key""=>""Number of Contents in Sales Package"", ""value""=>""Pack of 1""}, {""key""=>""Fabric"", ""value""=>""100% POLYESTER""}, {""key""=>""Type"", ""value""=>""Straight""}, {""key""=>""Neck"", ""value""=>""ROUND NECK""}, {""key""=>""Pattern"", ""value""=>""Printed""}, {""key""=>""Occasion"", ""value""=>""Festive""}, {""key""=>""Ideal For"", ""value""=>""Women's""}, {""value""=>""Kurta""}, {""key""=>""Style Code"", ""value""=>""VNKU004370 PINK::OLIVE""}, {""value""=>""Gentle Machine Wash in Lukewarm Water, Do Not Bleach""}]}"
Vishudh Printed Women's Anarkali Kurta,"[""Vishudh Printed Women's Anarkali Kurta""]",2099.0,1049.0,No rating available,No rating available,Vishudh,False,"Specifications of Vishudh Printed Women's Anarkali Kurta Kurta Details Sleeve Half Sleeve Number of Contents in Sales Package Pack of 1 Fabric 100% Cotton Type Anarkali Neck ROUND NECK General Details Pattern Printed Occasion Festive Ideal For Women's In the Box Kurta Additional Details Style Code VNKU004389 BEIGE::PINK Fabric Care Gentle Machine Wash in Lukewarm Water, Do Not Bleach","{""product_specification""=>[{""key""=>""Sleeve"", ""value""=>""Half Sleeve""}, {""key""=>""Number of Contents in Sales Package"", ""value""=>""Pack of 1""}, {""key""=>""Fabric"", ""value""=>""100% Cotton""}, {""key""=>""Type"", ""value""=>""Anarkali""}, {""key""=>""Neck"", ""value""=>""ROUND NECK""}, {""key""=>""Pattern"", ""value""=>""Printed""}, {""key""=>""Occasion"", ""value""=>""Festive""}, {""key""=>""Ideal For"", ""value""=>""Women's""}, {""value""=>""Kurta""}, {""key""=>""Style Code"", ""value""=>""VNKU004389 BEIGE::PINK""}, {""value""=>""Gentle Machine Wash in Lukewarm Water, Do Not Bleach""}]}"
BuildTrack PIR Wireless Motion Sensor - One Switch Control Wireless Sensor Security System,"[""BuildTrack PIR Wireless Motion Sensor - One Swit...""]",6500.0,5000.0,No rating available,No rating available,BuildTrack,False,"Key Features of BuildTrack PIR Wireless Motion Sensor - One Switch Control Wireless Sensor Security System National Award Winning Product Long Battery Life Freely Placed Low Power Consumed,BuildTrack PIR Wireless Motion Sensor - One Switch Control Wireless Sensor Security System Price: Rs. 5,000 Buildtrack's Wireless Motion Sensor turns your existing light switches off when you leave the room and turns them on when you return. This model is ideal for fitting on a ceiling. It is battery powered and will work with One Single Switch. Using Wireless Motion Sensor stops Wastage of Energy and Lower your Electricity Bills. It is highly suitable for homes, institutions, banks, offices and healthcare. • Saves Energy • Lowers electricity bills • National Award Winning Product • Adds convenience • Works with existing switches, no re – wiring • Quick and easy installation • Freely placed • Long battery life • Single device for multiple switches • No aesthetic changes / No external wiring • Adjustable time delay for turning off,Related video of BuildTrack PIR Wireless Motion Sensor - One Switch Control Wireless Sensor Security System,Specifications of BuildTrack PIR Wireless Motion Sensor - One Switch Control Wireless Sensor Security System General Detection Angle 360 degree Brand BuildTrack Brand Color Off White Suitable For Homes, Offices, Intermittent Spaces, Warehouses, Industrial Spacing Wired/Wireless Wireless Display Type NA Installation Type Plug and Play, Simply Attached to the Ceiling Model Number PIR Wireless Motion Sensor - One Switch Control Audible Alarm No Maximum Alarm Distance 0 m Minimum Alarm Distance 0 m Detection Range 10 ft Number of Sensors 1 Color White Dimensions Weight 200 g Other Dimensions 106x106x71 mm Warranty Service Type Manufacturer's Warranty - 1 Year In the Box Wireless Motion Detector | Actuator | User Manual | Warranty Card Additional Features Other Features Saves Energy, Lowers Electricity Bills, Adds Convenience, Works with Existing Switches, No Re – Wiring, Quick and Easy Installation, Single Device for Multiple Switches, No Aesthetic Changes / No External Wiring, Adjustable Time Delay for Turning Off Technology Used Passive Infra Red (PIR)","{""product_specification""=>[{""key""=>""Detection Angle"", ""value""=>""360 degree""}, {""key""=>""Brand"", ""value""=>""BuildTrack""}, {""key""=>""Brand Color"", ""value""=>""Off White""}, {""key""=>""Suitable For"", ""value""=>""Homes, Offices, Intermittent Spaces, Warehouses, Industrial Spacing""}, {""key""=>""Wired/Wireless"", ""value""=>""Wireless""}, {""key""=>""Display Type"", ""value""=>""NA""}, {""key""=>""Installation Type"", ""value""=>""Plug and Play, Simply Attached to the Ceiling""}, {""key""=>""Model Number"", ""value""=>""PIR Wireless Motion Sensor - One Switch Control""}, {""key""=>""Audible Alarm"", ""value""=>""No""}, {""key""=>""Maximum Alarm Distance"", ""value""=>""0 m""}, {""key""=>""Minimum Alarm Distance"", ""value""=>""0 m""}, {""key""=>""Detection Range"", ""value""=>""10 ft""}, {""key""=>""Number of Sensors"", ""value""=>""1""}, {""key""=>""Color"", ""value""=>""White""}, {""key""=>""Weight"", ""value""=>""200 g""}, {""key""=>""Other Dimensions"", ""value""=>""106x106x71 mm""}, {""key""=>""Service Type"", ""value""=>""Manufacturer's Warranty - 1 Year""}, {""value""=>""Wireless Motion Detector | Actuator | User Manual | Warranty Card""}, {""key""=>""Other Features"", ""value""=>""Saves Energy, Lowers Electricity Bills, Adds Convenience, Works with Existing Switches, No Re – Wiring, Quick and Easy Installation, Single Device for Multiple Switches, No Aesthetic Changes / No External Wiring, Adjustable Time Delay for Turning Off""}, {""key""=>""Technology Used"", ""value""=>""Passive Infra Red (PIR)""}]}"
Skayvon SUMMERSIBLE SINGLE PHASE PUMP CONTROLLER Wired Sensor Security System,"[""Skayvon SUMMERSIBLE SINGLE PHASE PUMP CONTROLLER...""]",9990.0,4990.0,No rating available,No rating available,Skayvon,False,"Key Features of Skayvon SUMMERSIBLE SINGLE PHASE PUMP CONTROLLER Wired Sensor Security System Dry run protection L/H Voltage protection Corrosion free sensors Has Manual/Auto mode,Skayvon SUMMERSIBLE SINGLE PHASE PUMP CONTROLLER Wired Sensor Security System Price: Rs. 4,990 ""This system is suitable for single phase submersible pump. The sytem auto start the submersible pump when water level in tank reaches preset lower level and auto switch off the pump when tank gets full.Upper and lower level is adjustable as per user choice. The system indicates 4 different levels of water (¼ , ½, ¾, and Full) of overhead tank. The system has Auto /manual switch."",Related video of Skayvon SUMMERSIBLE SINGLE PHASE PUMP CONTROLLER Wired Sensor Security System,Specifications of Skayvon SUMMERSIBLE SINGLE PHASE PUMP CONTROLLER Wired Sensor Security System In the Box 1 pack of Skayvon SUMMERSIBLE SINGLE PHASE PUMP CONTROLLER General Brand Skayvon Model Number SUMMERSIBLE SINGLE PHASE PUMP CONTROLLER Wired/Wireless Wired Number of Sensors 4 Brand Color Ivory Display Type LED Audible Alarm NO Installation Type Cabling Detection Range 987 ft Minimum Alarm Distance 10 m Maximum Alarm Distance 98 m Color Silver LED Indicators Yes","{""product_specification""=>[{""value""=>""1 pack of Skayvon SUMMERSIBLE SINGLE PHASE PUMP CONTROLLER""}, {""key""=>""Brand"", ""value""=>""Skayvon""}, {""key""=>""Model Number"", ""value""=>""SUMMERSIBLE SINGLE PHASE PUMP CONTROLLER""}, {""key""=>""Wired/Wireless"", ""value""=>""Wired""}, {""key""=>""Number of Sensors"", ""value""=>""4""}, {""key""=>""Brand Color"", ""value""=>""Ivory""}, {""key""=>""Display Type"", ""value""=>""LED""}, {""key""=>""Audible Alarm"", ""value""=>""NO""}, {""key""=>""Installation Type"", ""value""=>""Cabling""}, {""key""=>""Detection Range"", ""value""=>""987 ft""}, {""key""=>""Minimum Alarm Distance"", ""value""=>""10 m""}, {""key""=>""Maximum Alarm Distance"", ""value""=>""98 m""}, {""key""=>""Color"", ""value""=>""Silver""}, {""key""=>""LED Indicators"", ""value""=>""Yes""}]}"
MASARA Solid Women's Straight Kurta,"[""MASARA Solid Women's Straight Kurta""]",1399.0,599.0,No rating available,No rating available,MASARA,False,"Key Features of MASARA Solid Women's Straight Kurta Green Straight,MASARA Solid Women's Straight Kurta Price: Rs. 599 The knee length kurti with raindrop pattern with subtle colors will completely transform your look at your work place. Soft cotton fabric used in this kurti is to die for.,Specifications of MASARA Solid Women's Straight Kurta Kurta Details Sleeve 3/4 Sleeve Fabric Cotton Type Straight Neck Round General Details Pattern Solid Occasion Casual Ideal For Women's Additional Details Style Code M002PCOTSEARAIN","{""product_specification""=>[{""key""=>""Sleeve"", ""value""=>""3/4 Sleeve""}, {""key""=>""Fabric"", ""value""=>""Cotton""}, {""key""=>""Type"", ""value""=>""Straight""}, {""key""=>""Neck"", ""value""=>""Round""}, {""key""=>""Pattern"", ""value""=>""Solid""}, {""key""=>""Occasion"", ""value""=>""Casual""}, {""key""=>""Ideal For"", ""value""=>""Women's""}, {""key""=>""Style Code"", ""value""=>""M002PCOTSEARAIN""}]}"
